OBJECTID;COUNTRY;NAME;N_TURBINES;POWER_MW;STATUS;YEAR;COAST_DIST_M;AREA_SQKM;NOTES;Shape_Length;Shape_Area
532;Sweden;Stora Middelgrund;108;864;Planned;;24805,73111;59,82613076; ;0,438333879;0,008754243
533;Sweden;Lovstaviken;5;11,5;Production;;0;0,193854163; ;0,021376212;2,85589E-05
534;Sweden;Kattegatt Offshore;50;282;Approved;;6381,649369;22,11103672; ;0,22736688;0,003252245
535;United Kingdom;Galson (Lewis 10MW);10;10;Planned;;45,48415879;4,756626665; ;0,124677946;0,000730802
536;United Kingdom;Islay Demo Zone;10;10;Approved;;1122,942248;27,6115373; ;0,291914444;0,003945596
537;United Kingdom;North West Lewis (30MW);30;30;Planned;;0;51,06208116; ;1,28208171;0,007829191
538;United Kingdom;Brough Ness;66;99;Planned;;262,1046839;2,990515215; ;0,139682917;0,000463452
539;United Kingdom;Brims Tidal Array;200;200;Planned;;410,9712953;11,031453; ;0,317196709;0,001711473
540;United Kingdom;Brough Head;50;50;Planned;;0;24,11597888; ;0,934577208;0,003776121
541;United Kingdom;EMEC Stronsay Firth;;;Planned;;67,06070359;23,7013915; ;0,265970601;0,003709285
542;United Kingdom;Firth of Forth Met Mast;1;;Production;;29720,43471;0,010007041; ;0,0050552;1,46355E-06
543;United Kingdom;Portland Bill;;30;Planned;;1614,487128;3,095955505; ;0,10723533;0,000392257
544;United Kingdom;Mull of Galloway;;;Planned;;604,7298762;3,625768421; ;0,102842275;0,000504305
545;United Kingdom;Ness of Duncansby;;100;Planned;;680,4353493;2,424330032; ;0,099874014;0,000375031
546;United Kingdom;NOAH Met Mast;1;;Production;;4983,967117;0,195833173; ;0,01971893;2,75889E-05
547;United Kingdom;North Devon Demo Zone;;;Dismantled;;170,7414017;34,13617843; ;0,442441782;0,00439474
548;United Kingdom;Sanda Sound;;0,035;Approved;;653,0547452;0,020180668; ;0,011264456;2,85414E-06
549;United Kingdom;Scarweather Sands Met Mast;1;;Dismantled;;8166,582792;0,031385359; ;0,007443049;4,06052E-06
550;United Kingdom;Shell Flats No. 1 (Western) Met Mast;1;;Production;;15769,86446;0,031392596; ;0,007722959;4,28674E-06
551;United Kingdom;Shell Flats No. 2 (Eastern) Met Mast;1;;Production;;10035,84887;0,031393373; ;0,007724787;4,28824E-06
552;United Kingdom;South Pembrokeshire Demonstration Zone;;180;Planned;;13086,86962;90,40250504; ;0,520160857;0,011696128
553;United Kingdom;St David's Head;1;10;Dismantled;;247,6600386;1,619174959; ;0,068267506;0,000211441
554;United Kingdom;Strangford Lough Array;;20;Planned;;127,2565496;0,513987603; ;0,056061277;7,10212E-05
555;United Kingdom;Strangford Lough SeaGen;1;1,2;Dismantled;;277,4575402;0,00782893; ;0,003890644;1,08213E-06
556;United Kingdom;Westray South;200;200;Planned;;560,0883765;12,64123084; ;0,205457902;0,001984578
557;United Kingdom;Docking Shoal Met Mast;1;;Dismantled;;18889,82124;0,031374045; ;0,007633983;4,21446E-06
558;Denmark;Fanm Bugt;;;Planned;;16822,22361;236,2384204; ;0,89461495;0,033356358
559;Denmark;Frederikshavn;;;Planned;;8136,957541;522,3975997; ;1,41422614;0,078329027
560;Denmark;Nordsren II vest;;;Planned;;107551,0544;353,5338051; ;1,149829618;0,050582144
561;Denmark;Vesterhav Syd;21;168;Approved;;4096,542123;46,58809582; ;0,397145007;0,006716204
562;Denmark;Bornholm II;;;Planned;;8013,135861;661,3359496; ;2,115383648;0,092368098
563;Denmark;Jammerbugt;;;Planned;;19922,75591;162,2304015; ;1,199551538;0,02422068
564;Denmark;Krigers Flak Nord;;;Planned;;15010,56236;98,08013717; ;0,570941879;0,013819807
565;Denmark;Kattegat I;;;Planned;;15019,33592;914,1376362; ;2,067095608;0,134727187
566;Denmark;Kattegat II;;;Planned;;14997,41804;122,0391419; ;0,837776047;0,017732582
567;Denmark;Nordsren III vest;;;Planned;;109379,6883;4484,323143; ;4,609766598;0,648767079
568;Denmark;Vesterhav Nord;20;176;Construction;;3994,347038;58,39284738; ;0,449470812;0,008542773
569;Denmark;Bornholm I;;;Planned;;5278,915471;422,0729934; ;1,426312203;0,059225466
570;Denmark;Bornholm III;;;Planned;;41701,4416;61,09073468; ;0,632983291;0,008487486
571;Denmark;Nordsren II;;;Planned;;49194,17295;1872,94141; ;2,71549342;0,271655864
572;Denmark;Bornholm I;;;Planned;;5000,55138;71,20235897; ;0,422362478;0,010035933
573;Denmark;Jyske Banke;;;Planned;;43772,74317;802,712231; ;3,04486904;0,118727833
574;Denmark;Krigers Flak Syd;;;Planned;;14997,87344;75,25241159; ;0,722000024;0,010536173
575;Denmark;Nordsren III;;;Planned;;73863,31626;1642,587692; ;2,30798522;0,24007788
576;Denmark;Thor - 2020 Tender;;1000;Planned;;19876,53953;440,2826455; ;1,232791943;0,063930034
577;Denmark;Hesselk;;;Planned;;19402,92127;246,8517335; ;0,917985426;0,035948583
578;Denmark;Bornholm;;100;Planned;;5448,413883;34,70536312; ;0,351234713;0,004871085
579;Denmark;Nordsren I;;;Planned;;19964,41933;3176,148975; ;3,229937941;0,457433147
580;Denmark;Samsa;10;23;Production;2003;3456,959776;0,882530631; ;0,060560869;0,000126145
581;Denmark;Horns Rev I;80;160;Production;2002;13863,4889;19,62375161; ;0,231339312;0,002788168
582;Denmark;Anholt;111;399,6;Production;2012;15488,51829;90,47530651; ;0,578813729;0,013228267
583;Denmark;Middelgrunden;20;40;Production;2000;1137,778152;1,112638454; ;0,075018057;0,000158907
584;Denmark;Frederikshavn Offshore;3;7,6;Production;2003;0;0,241544184; ;0,027362975;3,61199E-05
585;Denmark;Nissum Bredning;4;28;Production;2018;552,0970642;1,033174763; ;0,053087284;0,000151339
586;Denmark;Horns Rev II;91;209,3;Production;2009;28725,07362;31,37792024; ;0,288064125;0,004471047
587;Denmark;Renland;8;17;Production;2003;89,43778977;0,670548603; ;0,051260115;9,81987E-05
588;Denmark;Kriegers Flak;72;605;Production;2021;13553,54873;173,145563; ;1,0780072;0,024317991
589;Denmark;Nysted;72;165,6;Production;2003;4268,795448;23,04548425; ;0,255023219;0,003199364
590;Denmark;Sprogo;7;21;Production;2009;517,2080493;0,880490673; ;0,095585779;0,000124655
591;Denmark;Tunm Knob;10;5;Production;1995;2887,190693;0,320264455; ;0,027235085;4,60648E-05
592;Denmark;Avedøre Holme;3;10,8;Production;2011;0;0,341857041; ;0,040488511;4,87139E-05
593;Denmark;Horns Rev III;49;407;Production;2019;22454,02963;90,30657923; ;0,5267831;0,012898481
594;Denmark;Rodsand II;90;207;Production;2010;1583,234311;31,72539083; ;0,365909422;0,004404961
595;Denmark;Nordre Flint;;160;Planned;;2596,116178;17,62527643; ;0,254648105;0,002514387
596;Denmark;Kadetbanke;;864;Planned;;12052,1015;71,60542634; ;0,662550964;0,010004349
597;Denmark;Frederikshavn Offshore Demo;;72;Planned;;999,2954301;5,734702985; ;0,13607988;0,000857461
598;Denmark;Aflandshage;;250;Planned;;7991,035651;43,31161163; ;0,364064093;0,006146037
599;Denmark;Lillebklt Syd;;160;Planned;;2315,854062;37,31277706; ;0,331072951;0,005263062
600;Denmark;NW Grund;;;Planned;;1145,646782;1,648079256; ;0,066666666;0,000233333
601;Denmark;Mejl Flak;;120;Planned;;2440,389446;56,00040932; ;0,422165477;0,00806153
602;Denmark;Trem Mkllebugt;;720;Planned;;19223,28151;52,21836823; ;0,438773727;0,007670809
603;Denmark;Lillebklt Syd;;160;Planned;;1627,686451;54,21404402; ;0,390798343;0,007630334
604;Denmark;Omo Syd;;320;Planned;;5719,421582;24,54101673; ;0,252342252;0,003447895
605;Denmark;Paludan Flak;;228;Planned;;2976,848635;14,24572316; ;0,180912689;0,002035876
606;Denmark;Jammerland Bugt;;240;Planned;;6009,065621;31,13593186; ;0,35098993;0,004433319
607;Latvia;E4;;;Planned;2019;11521,98988;607,6615612; ;1,494376379;0,090097582
608;Latvia;E1;;;Planned;2019;38190,59605;407,6059215; ;1,295938223;0,058827932
609;Latvia;E2;;;Planned;2019;18195,57531;100,5303342; ;0,532343436;0,014518152
610;Latvia;E3;;;Planned;2019;10923,95598;348,9564884; ;1,041587017;0,051403576
611;Latvia;E5;;;Planned;2019;11674,08976;183,7784736; ;0,849899477;0,027790862
612;Netherlands;IJmuiden Ver;;4000;Planned;;49466,89814;1172,060155; ;1,985665552;0,156443409
613;Netherlands;Hollandse Kust D;;;Planned;;51467,16091;349,097588; ;1,165577346;0,046245797
614;Netherlands;Hollandse Kust E;;;Planned;;25149,64135;189,5768869; ;0,875355475;0,025298803
615;Netherlands;Hollandse Kust (West);;1400;Planned;;33940,28853;217,3353458; ;0,69338512;0,028639056
616;Netherlands;"Hollandse Kust F
";;;Planned;;49025,26367;30,40667249; ;0,314013985;0,003990372
617;Netherlands;Borssele Kavel V;2;19;Production;2020;34823,96128;0,589997719; ;0,044064499;7,67161E-05
618;Netherlands;HKZ Kavel IV;70;700;Construction;2016;18604,03447;90,19601863; ;0,583604675;0,011890362
619;Netherlands;HKZ Kavel III;70;700;Construction;2016;18625,92989;53,80671284; ;0,380663612;0,007076501
620;Netherlands;HKZ Kavel II;70;700;Construction;2016;23510,24223;47,77877029; ;0,332869131;0,006293311
621;Netherlands;HKZ Kavel I;70;700;Construction;2016;22358,89874;67,25992235; ;0,571905973;0,008877361
622;Netherlands;HKN Kavel V;;;Approved;;18675,27755;126,4368697; ;0,6408477;0,016808668
623;United Kingdom;NE1;;;Planned;2021;22486,0881;751,0922568; ;1,793373777;0,121891026
624;United Kingdom;Cluaran Deas Ear;;1008;Planned;;38410,92089;187,0845835; ;0,891787478;0,027625745
625;United Kingdom;Cluaran Ear-Thuath;;1008;Planned;;17230,85048;199,736877; ;1,383145751;0,031073324
626;United Kingdom;Northland Sheena TBC;;840;Planned;;3564,138721;161,4163974; ;0,832381653;0,024771895
627;United Kingdom;Northland Mhairi TBC;;1500;Planned;;26071,16533;389,607454; ;1,407979383;0,060663484
628;France;Courseulles-sur-mer;64;450;Construction;;9738,538433;67,17983116; ;0,455593496;0,008334208
629;France;Fécamp;71;497;Construction;;11246,60156;87,95717645; ;0,481986977;0,011005486
630;France;Dieppe Le Tréport;62;496;Approved;;14709,25063;109,3685241; ;0,533810082;0,013757328
631;France;Centre-Manche 1;;1000;Planned;;33174,15429;182,2972084; ;0,685412706;0,022801611
632;France;Sud de la Bretagne;;250;Planned;;15251,9703;130,4556915; ;0,657884249;0,015527095
633;France;Dunkerque;;598;Planned;;8853,415603;72,39421322; ;0,538630939;0,009300831
634;France;Faraman-Port-Saint-Louis-du-Rhône;;25;Test site;;14408,58531;0,782283733; ;0,05961393;8,6625E-05
635;France;Gruissan;;30;Construction;;17737,43265;5,554323047; ;0,10716266;0,000613364
636;France;Leucate-Le Barcarès;;30;Test site;;14862,23565;5,112857991; ;0,100987869;0,000563063
637;France;Saint-Brieuc;62;496;Construction;;15680,28292;102,5879541; ;0,462596818;0,012569446
638;France;Méditerranée;;250;Planned;;22157,73491;295,7544623; ;0,840206001;0,032666851
639;France;Méditerranée;;250;Planned;;22124,98157;311,8503566; ;0,792015676;0,034470432
640;France;Méditerranée;;250;Planned;;23342,21251;363,4004982; ;0,825360355;0,039946503
641;France;Sud Atlantique;;1000;Planned;;37152,7577;180,0886417; ;0,639984428;0,020851389
642;France;Sud Atlantique;;1000;Planned;;47167,93129;252,4794708; ;0,707099259;0,029217451
643;France;Centre-Manche 2;;1500;Planned;;37137,21958;268,9842872; ;0,859759942;0,033619632
644;France;Saint-Nazaire;80;480;Construction;2022;11306,47669;78,10863615; ;0,510723882;0,009266389
645;France;Iles d'Yeu et de Noirmoutier;62;496;Approved;;11671,53209;111,8839823; ;0,490030748;0,0132
646;France;Groix et Belle-Île;3;28;Test site;;11210,1057;14,38312654; ;0,178934671;0,001716659
647;Ireland;Arklow Bank Phase 2;100;1000;Planned;;5830,075737;82,44795952; ;0,593896356;0,010981423
648;Ireland;Kilmichael Point;;500;Planned;;4789,586558;428,3008272; ;1,272068931;0,056873816
649;Ireland;Codling Wind Park Extension;;;Planned;;11456,1499;54,30955678; ;0,362132575;0,007273957
650;Ireland;Codling Wind Park;;1500;Planned;;12806,45701;64,00508867; ;0,385607394;0,0085872
651;Ireland;Dublin Array;;1000;Planned;;8181,420129;62,58562585; ;0,461004326;0,008421407
652;Ireland;Oriel Wind Farm;55;330;Planned;;5117,578469;25,12584457; ;0,219503591;0,003435683
653;Ireland;Clogher Head;;500;Planned;;4890,95283;124,839947; ;0,571918741;0,017029128
654;Ireland;North Irish Sea Array (NISA);;530;Planned;;1913,65291;372,5568344; ;1,175869102;0,050741853
655;Ireland;Sceirde (Skerd) Rocks;;400;Planned;;2688,570897;29,39969737; ;0,26460181;0,003959246
656;Ireland;Arklow Bank Phase 1;7;25,2;Production;2003;9482,272914;3,490393757; ;0,0934703;0,000464854
657;Ireland;North Celtic Sea;;1000;Planned;;2636,321743;819,5680189; ;1,857592742;0,107317356
658;Ireland;AFLOWT;;;Planned;;1958,768373;0,237008838; ;0,022881408;3,26525E-05
659;Ireland;Braymore Point;;800;Planned;;6818,138417;203,3357136; ;0,788103737;0,027714016
660;Ireland;Cooley Point;;;Planned;;5170,078689;182,3025205; ;0,90658989;0,024887653
661;Ireland;Floating Power Plant - Ireland;;;Planned;;2607,866307;1,95066317; ;0,061799104;0,000264844
662;Ireland;Inis Ealga FOW;;1000;Planned;;7253,790574;272,0726636; ;1,860238985;0,035398029
663;Ireland;South Irish Sea Project;;1330;Planned;;11636,74428;418,5790966; ;1,244544831;0,055478817
664;Ireland;Inis Ealge Marine Energy Park - DP Ireland;;;Planned;;0;1009,408557; ;3,307099861;0,13144137
665;Ireland;Emerald Project - Simply Blue Energy;;;Planned;;0;825,1711873; ;1,716210234;0,107323729
666;Lithuania;Lithuania's first offshore wind farm in the Baltic Sea (Lithuanian Tender 1 & 2);;700;Planned;2028;26336,40078;642,4845828; ;1,226398665;0,092236774
667;Belgium;Northwind;72;216;Production;2014;33657,53494;8,741341588; ;0,195543069;0,001134299
668;Belgium;Belwind phase 1;55;165;Production;2010;40610,6845;14,74074503; ;0,208409758;0,001915003
669;Belgium;Rentel;42;309;Production;2018;28354,72882;23,26581643; ;0,260649084;0,003017221
670;Belgium;Norther;44;369,6;Production;2018;19797,75862;38,44205019; ;0,352805069;0,004979139
671;Belgium;SeaStar;30;252;Production;2020;36085,9539;18,42585894; ;0,222749003;0,002391994
672;Belgium;Mermaid;28;235,2;Production;2020;48314,54938;16,67656268; ;0,208196391;0,002168813
673;Belgium;Northwester 2;23;218,5;Production;2020;44480,72733;11,72932499; ;0,176358331;0,001524816
674;Spain;Motriku;16;0,3;Production;;280,0696403;2,70854E-06; ;6,15302E-05;3,00513E-10
675;United Kingdom;Dogger Bank - Teesside A;;;Approved;;195786,1194;560,5565092; ;1,313385854;0,078707875
676;United Kingdom;Creyke Beck A Wind Farm;;1200;Approved;;130997,9012;515,5550642; ;1,340457515;0,071921815
677;United Kingdom;Creyke Beck B Wind Farm;;1200;Approved;;130974,6431;599,2832115; ;1,189022457;0,084106075
678;United Kingdom;Erebus;;96;Approved;;30230,62346;43,56535535; ;0,302815098;0,00563346
679;United Kingdom;Fair Head;;100;Planned;;842,6875197;3,336242282; ;0,120344684;0,000471022
680;United Kingdom;Torr Head;50;100;Approved;;213,44044;6,797721024; ;0,133269781;0,000959055
681;United Kingdom;Holyhead Deep;20;10;Approved;;4897,759537;9,176442558; ;0,147027635;0,001237045
682;United Kingdom;Ramsey Sound;1;0,4;Dismantled;;193,1997554;0,597384004; ;0,048207408;7,79645E-05
683;United Kingdom;Strangford Lough;;0,3;Production;;246,580179;0,075008881; ;0,020670223;1,0372E-05
684;United Kingdom;West Anglesey Demonstration Zone;;;Planned;;523,2546051;35,04359165; ;0,30253221;0,004722067
685;United Kingdom;Bardsey Sound;;;Approved;;430,1014431;3,336338456; ;0,090092094;0,000444288
686;United Kingdom;Holyhead Deep 0.5MW Site;;1,2;Approved;;5543,874152;1,500253299; ;0,061247178;0,000202171
687;United Kingdom;Perpetuus Tidal Energy Centre (PTEC);1;30;Approved;;2300,769949;5,017489002; ;0,175681043;0,000636504
688;United Kingdom;META Phase 2 - East Pickard Bay;;;Production;;346,3893493;0,959260634; ;0,071712897;0,000124609
689;United Kingdom;META Phase 2 - Dale Roads;;;Production;;178,0422987;0,195617927; ;0,021117916;2,54373E-05
690;United Kingdom;META Phase 2 - Warrior Way;;;Production;;750,6907767;0,091529064; ;0,018649533;1,18997E-05
691;United Kingdom;FabTest, Falmouth Bay;;3;Test site;;2263,21624;2,8495712; ;0,080485105;0,000358134
692;United Kingdom;South Pembrokeshire Demonstration Zone;;;Planned;;17560,91149;89,46764183; ;0,700041411;0,011561224
693;United Kingdom;EMEC Bilia Croo;;;Production;;0;7,418760784; ;0,195311221;0,00115806
694;United Kingdom;EMEC Fall of Wareness;;;Production;;0;9,10584944; ;0,222783724;0,001428254
695;United Kingdom;Sound of Islay;10;10;Approved;;210,9583518;0,351767068; ;0,035726084;5,043E-05
696;United Kingdom;Isle of Islay;30;30;Approved;;4575,944364;2,279571684; ;0,10914029;0,000325292
697;United Kingdom;Mull of Kintyre;7;2,5;Approved;;131,0837155;25,73176416; ;0,275796081;0,003640231
698;United Kingdom;Seagreen Bravo Wind Farm;;2300;Planned;;38163,69209;193,8394176; ;1,016814192;0,028290402
699;United Kingdom;Seagreen Alpha Wind Farm;;1075;Approved;;26830,85107;197,3569163; ;0,944442524;0,028902935
700;United Kingdom;EMEC Scapa Flow;;;Production;;293,2471137;1,391869023; ;0,059341573;0,000216728
701;United Kingdom;EMEC Shapinsay Sound;;;Production;;533,9700787;1,409689503; ;0,070423775;0,000220191
702;United Kingdom;Lashy Sound;15;10;Approved;;221,2733314;4,193958077; ;0,133248794;0,000659234
703;United Kingdom;Inner Sound;4;398;Production;;396,0986129;3,275335104; ;0,180031677;0,000506613
704;United Kingdom;Mingary;;;Planned;;24,7718883;0,721219235; ;0,056733633;0,000105702
705;United Kingdom;Bluemull Sound;1;0,3;Production;;175,0518637;0,077876093; ;0,015168753;1,27968E-05
706;United Kingdom;Connel (PLAT-I);;0,28;Production;;72,7126305;0,035524518; ;0,00985818;5,17435E-06
707;United Kingdom;"Berwick and Marr Bank Wind Farm
";;3200;Planned;;43430,24547;655,023683; ;1,424428777;0,09499895
708;United Kingdom;Oran na Mara;;3;Planned;;254,7615163;0,640926753; ;0,0434465;9,19498E-05
709;Germany;N-3.5;;420;Planned;;33834,94844;28,85313892; ;0,343660603;0,003954558
710;Germany;N-3.6;;480;Planned;;37107,58109;33,16131926; ;0,276693055;0,004548281
711;Germany;N-3.7;;225;Planned;;33852,27119;17,32194372; ;0,209527997;0,002375807
712;Germany;N-3.8;;433;Planned;;37025,78393;23,21226685; ;0,436075008;0,003187882
713;Germany;N-6.6;;630;Planned;;83701,82594;43,66671718; ;0,456639641;0,0060218
714;Germany;N-6.7;;270;Planned;;94060,48051;15,90600076; ;0,666858875;0,002189302
715;Germany;N-7.2;;930;Planned;;75915,23303;58,34864114; ;0,914219164;0,008053506
716;Germany;N-9.1;;1000;Planned;;98842,04001;99,72980207; ;0,636619608;0,013823739
717;Germany;N-9.2;;1000;Planned;;108016,6049;104,2263995; ;0,531803892;0,014458309
718;Germany;N-9.3;;1000;Planned;;99692,90624;104,6841214; ;0,517259474;0,014492788
719;Germany;N-9.4;;1000;Planned;;112838,4964;98,83533509; ;0,504253892;0,013719175
720;Germany;N-10.1;;1000;Planned;;109485,1318;94,64469466; ;0,542856632;0,013159737
721;Germany;N-10.2;;1000;Planned;;119317,8401;92,68257223; ;0,602469771;0,012899622
722;Germany;Gode Wind 3;23;242;Construction;;32012,98531;17,5392744; ;0,286228051;0,002404465
723;Germany;Borkum Riffgrund 3;83;913;Construction;;53109,21308;75,40831307; ;0,499583664;0,010344831
724;Germany;Dan Tysk;79;298,62;Production;2014;66391,19027;64,55455567; ;0,455414298;0,009089113
725;Germany;Borkum Riffgrund 1;78;312;Production;2015;34866,1275;35,6605158; ;0,310732006;0,004881938
726;Germany;Nordergründe;18;110,7;Production;2017;8976,952486;3,421935923; ;0,086957907;0,000467014
727;Germany;Trianel Windpark Borkum Phase 1;40;200;Production;2015;45030,04344;22,59770122; ;0,325334017;0,003099406
728;Germany;Trianel Windpark Borkum Phase 2;32;203,2;Production;2020;46687,58006;30,63620172; ;0,392807105;0,004202351
729;Germany;Meerwind Sued/Ost;80;288;Production;2015;23090,0556;39,78335545; ;0,348016329;0,00550192
730;Germany;Alpha Ventus;12;62;Production;2009;40516,41895;3,994279138; ;0,097692956;0,000547384
731;Germany;Amrumbank West;80;302,4;Production;2015;36102,7263;30,18512183; ;0,339512926;0,004186498
732;Germany;Nordsee Ost;48;295,2;Production;2015;28066,85694;35,36134827; ;0,300995704;0,004896882
733;Germany;Butendiek;80;288;Production;2015;32508,57761;31,4371937; ;0,268245989;0,00441476
734;Germany;Global Tech I;80;400;Production;2015;93778,15038;39,91736608; ;0,305038614;0,00553592
735;Germany;EnBW Hohe See;71;497;Production;2019;86883,521;40,50052428; ;0,327257971;0,005611061
736;Germany;Sandbank;72;288;Production;2017;83256,01321;47,56678906; ;0,524882196;0,006710075
737;Germany;Gode Wind 01;55;344,52;Production;2016;31682,6764;40,14995025; ;0,344961151;0,0055026
738;Germany;EnBW He Dreiht;64;960;Approved;;82993,64748;62,60281139; ;0,457788451;0,008652492
739;Germany;Riffgat;30;113,4;Production;2014;14365,95122;5,990609349; ;0,170935298;0,000814803
740;Germany;Bard Offshore 1;80;400;Production;2013;89534,44651;56,78532422; ;0,364042142;0,00784609
741;Germany;Deutsche Bucht;31;252;Production;2019;89301,28377;17,07432907; ;0,213286756;0,002356188
742;Germany;Merkur Offshore (MEG Offshore I);63;378;Production;2019;42610,10458;39,19698187; ;0,342277644;0,005375217
743;Germany;Nordsee One;54;332,1;Production;2017;32980,21384;28,19928169; ;0,361570185;0,003861602
744;Germany;Borkum Riffgrund 2;56;465,4;Production;2018;34553,63631;35,75574025; ;0,494768615;0,004894193
745;Germany;Kaskasi II;38;342;Production;;33489,05716;17,38992783; ;0,257886591;0,002411219
746;Germany;Gode Wind 02;42;263,1;Production;2016;37641,82025;29,15839441; ;0,317340237;0,004001361
747;Germany;Veja Mate;67;402;Production;2017;87648,00255;50,64887455; ;0,393481447;0,006992469
748;Germany;Albatros;16;117,6;Production;2020;97860,50637;10,53121688; ;0,204627161;0,001460077
749;Netherlands;OWF Luchterduinen;43;129;Production;2015;22340,70219;15,90387943; ;0,210316646;0,002099943
750;Netherlands;OWF Borssele I;43;350;Production;;27336,44703;64,8612001; ;0,405172288;0,008439471
751;Netherlands;OWF Borssele II;43;351;Production;;24230,41162;63,52779273; ;0,355817183;0,008247041
752;Netherlands;OWF Borssele III;43;352;Production;;29530,46426;71,46401441; ;0,437242738;0,009287471
753;Netherlands;OWF Borssele IV;43;353;Production;;40217,61262;74,6983801; ;0,554258459;0,009711931
754;Spain;Biscay Marine Energy Park (BIMEP);4;20;Production;2015;1715,653133;5,273609923; ;0,097605445;0,000586571
755;France;Les deux oles;62;496;Approved;;11717,88346;111,8968655; ;0,490053872;0,013201682
756;Belgium;C-Power (Zone A);24;141,15;Production;2013;24793,53692;10,68241237; ;0,174693787;0,001383824
757;Belgium;C-Power (Zone B);30;184,5;Production;2013;25036,11712;9,169185741; ;0,167815236;0,001188486
758;Belgium;Belwind phase 2 (Nobelwind) (Zone 2);50;165;Production;2017;39176,94958;13,82330721; ;0,204921732;0,001795656
759;Belgium;Belwind phase 2 (Nobelwind) (Zone 1);50;165;Production;2017;42583,68075;6,325034111; ;0,167287348;0,000821857
760;Germany;Borkum Riffgrund West;83;913;Approved;;53252,31713;29,70008595; ;0,29389035;0,004073706
761;Germany;OWP West;41;240;Approved;;53770,33771;14,064163; ;0,344820589;0,001930159
762;Germany;Borkum Riffgrund West II;34;240;Approved;;58958,36446;12,82540492; ;0,199286623;0,001759369
763;Germany;Borkum Riffgrund West II;9;54;Planned;;57778,34816;3,011535895; ;0,154166717;0,000413461
764;United Kingdom;MacColl;33;313,5;Production;2022;28453,79598;124,7260409; ;0,830966456;0,019017911
765;United Kingdom;SeaGreen Alpha;75;525;Approved;;26830,85107;197,3569163; ;0,944442524;0,028902935
766;United Kingdom;SeaGreen Bravo;75;525;Approved;;38163,69209;193,8394176; ;1,016814192;0,028290402
767;United Kingdom;Stevenson;34;323;Production;2022;22309,59509;77,4474449; ;0,482716635;0,011820609
768;United Kingdom;Strangford Lough Minesto;1;1,2;Dismantled;;246,580179;0,075008881; ;0,020670223;1,0372E-05
769;United Kingdom;Telford;33;313,5;Production;2022;22332,96502;93,39924004; ;0,535976935;0,014276044
770;United Kingdom;TwinHub;4;32;Approved;;15166,74675;7,961054477; ;0,128784202;0,001005847
771;United Kingdom;Dounreay Tri Wind Farm;2;10;Approved;;9164,884954;6,256196284; ;0,131111342;0,000967769
772;United Kingdom;SeaGreen Charlie Wind Farm;;2300;Planned;;43430,24541;655,0236831; ;1,42442878;0,09499895
773;United Kingdom;Hornsea Met Mast;1;;Production;;115663,8593;0,031374929; ;0,00772405;4,28695E-06
774;United Kingdom;Hornsea Project 1 (Heron East) Wind Farm;58;406;Production;2020;111374,2468;130,699713; ;0,656606183;0,017848494
775;United Kingdom;Hornsea Project 1 (Heron West) Wind Farm;58;406;Production;2020;102222,267;118,5422558; ;0,598809333;0,016201032
776;United Kingdom;Hornsea Project 1 (Njord) Wind Farm;87;609;Production;2020;105672,6212;158,335567; ;0,754178827;0,021635833
777;United Kingdom;Norfolk Vanguard Wind Farm;225;1800;Approved;;47493,02202;592,5331966; ;1,700462104;0,079048799
778;United Kingdom;East Anglia North Tranche 2 (Norfolk Boreas);90;2100;Approved;;73178,95654;725,3751259; ;1,278801575;0,09717146
779;United Kingdom;East Anglia North Tranche One East  (Norfolk Vanguard East);90;1800;Planned;;69902,5636;297,3740964; ;0,876324927;0,03963534
780;United Kingdom;East Anglia North Tranche One West (Norfolk Vanguard West);90;1800;Planned;;47493,02143;295,1590987; ;0,824137175;0,039413459
781;France;Parc eolien pose au large de la Normadie (AO4);;1000;Planned;2020;32637,2251;496,526101; ;1,445377382;0,062069555
782;Netherlands;Borssele;;1502,5;Planned;;24230,41162;344,9451564; ;0,926652563;0,044840233
783;Netherlands;Hollandse Kust (Zuid);140;1540;Construction;;18567,76981;352,3661213; ;0,935381375;0,046440883
784;Netherlands;Ten Noorden van de Wadden;;700;Planned;;56043,86009;217,6788741; ;1,786751921;0,029756638
785;Netherlands;Borssele Kavel II;47;376;Production;2020;24230,41162;63,52779273; ;0,355817183;0,008247041
786;Netherlands;Borssele Kavel III;37;351,5;Production;2020;29530,46426;71,46401441; ;0,437242738;0,009287471
787;Netherlands;Borssele Kavel IV;40;380;Production;2020;40217,61262;74,6983801; ;0,554258459;0,009711931
788;Netherlands;WP Q10 / Eneco Luchterduinen;43;129;Production;2015;22340,70219;15,90387943; ;0,210316646;0,002099943
789;Netherlands;ZeeEnergie / Gemini II;75;300;Production;2016;57835,07239;33,36212096; ;0,30925421;0,004574523
790;Netherlands;Buitengaats / Gemini I;75;300;Production;2016;56043,86009;34,2633775; ;0,292840403;0,004698449
791;Netherlands;Borssele Kavel I;47;376;Production;2020;27336,44703;64,8612001; ;0,405172288;0,008439471
792;United Kingdom;Hywind Scotland Pilot Park;5;30;Production;2017;22488,98939;15,40148686; ;0,208214362;0,002305877
793;United Kingdom; ;;2907;Approved;2022;61156,69751;860,3585126; ;1,7926977;0,125365657
794;United Kingdom; ;;2610;Approved;2022;79494,06907;858,4571909; ;2,022451171;0,125805704
795;United Kingdom; ;;1200;Approved;2022;115492,8703;279,8031744; ;1,170430248;0,041105488
796;United Kingdom; ;;2000;Approved;2022;93215,22855;859,8729403; ;1,774414208;0,128105494
797;United Kingdom; ;;798;Approved;2022;62863,16184;199,8755532; ;0,75067669;0,029861689
798;United Kingdom; ;;1008;Approved;2022;38410,92015;187,0845829; ;0,89178748;0,027625745
799;United Kingdom; ;;1008;Approved;2022;17230,85017;199,7368767; ;1,38314575;0,031073324
800;United Kingdom; ;;1000;Approved;2022;36900,43809;256,3016266; ;0,861862764;0,039473526
801;United Kingdom; ;;1000;Approved;2022;23311,17429;428,951268; ;1,201315177;0,06548829
802;United Kingdom; ;;500;Approved;2022;47477,53653;134,0560638; ;0,618858372;0,020447472
803;United Kingdom; ;;3000;Approved;2022;75714,70353;683,9885083; ;1,375839974;0,104323326
804;United Kingdom; ;;960;Approved;2022;74920,31679;330,6956383; ;0,958332321;0,050810197
805;United Kingdom; ;;2000;Approved;2022;4746,595093;656,5789506; ;1,570481373;0,102300202
806;United Kingdom; ;;1500;Approved;2022;26071,1652;389,6074534; ;1,407979382;0,060663484
807;United Kingdom; ;;495;Approved;2022;25206,43209;103,093599; ;0,554988172;0,016007226
808;United Kingdom; ;;840;Approved;2022;3564,138458;161,4163955; ;0,832381651;0,024771895
809;United Kingdom; ;;2000;Approved;2022;0;753,7458054; ;1,331892967;0,108540491
810;United Kingdom;W1;;;Planned;2020;0;753,7458064; ;1,331892967;0,108540491
811;United Kingdom;NE6;;;Planned;2020;33343,91374;698,6331973; ;1,425758511;0,106249237
812;United Kingdom;NE7;;;Planned;2020;75714,70353;683,9888331; ;1,375839972;0,104323326
813;United Kingdom;NE4;;;Planned;2021;22289,75252;441,6787645; ;1,232912822;0,067437763
814;United Kingdom;NE3;;;Planned;2020;36890,74902;264,507022; ;0,817893004;0,04074235
815;United Kingdom;NE2;;;Planned;2020;11200,92412;345,2042839; ;1,373264111;0,053698762
816;United Kingdom;N2;;;Planned;2020;25449,63934;561,369003; ;1,711145151;0,087301678
817;United Kingdom;Dogger Bank East Met Mast;1;;Dismantled;;210099,2264;0,195958914; ;0,019698754;2,75744E-05
818;United Kingdom;Dogger Bank West Met Mast;1;;Dismantled;;148406,4501;0,196102658; ;0,019627022;2,74367E-05
819;United Kingdom;East Anglia Southern Met Mast (1B);1;;Production;;56406,61939;0,195833173; ;0,018802699;2,57494E-05
820;Netherlands;Hollandse Kust (Noord);126;700;Approved;;18656,29801;290,261775; ;0,81253133;0,038559063
821;United Kingdom;N4;;;Planned;2020;2316,105257;200,1566567; ;0,882955285;0,030735176
822;United Kingdom;NE8;;;Planned;2020;74888,6927;338,5141128; ;0,973249855;0,051992503
823;United Kingdom;N3;;;Planned;2020;9457,333545;1106,354044; ;1,591722267;0,172263657
824;United Kingdom;N1;;;Planned;2020;3171,94357;1162,4273; ;1,817623334;0,181168869
825;United Kingdom;E3;;;Planned;2020;18800,84994;474,3421025; ;1,288568613;0,070086317
826;United Kingdom;E2;;;Planned;2020;59706,16582;1291,429348; ;2,84204521;0,192594162
827;United Kingdom;E1;;;Planned;2020;56455,63533;3743,866036; ;3,671120674;0,549038426
828;United Kingdom;Hornsea Project 2 (HOW02) Wind Farm;165;1386;Production;2022;89487,56761;462,1743944; ;1,7491203;0,063192257
829;United Kingdom;Robin Rigg East;30;84;Production;2010;8599,403372;9,858860918; ;0,17443831;0,001375732
830;United Kingdom;Robin Rigg West;30;90;Production;2010;8598,744072;8,475553408; ;0,158276675;0,001182332
831;United Kingdom;Inch Cape Offshore Wind Farm;110;784;Approved;;15147,34923;149,3278773; ;0,739036165;0,021772633
832;United Kingdom;Moray East Met Mast;;;Production;;26595,3636;0,031396395; ;0,008356256;4,7913E-06
833;United Kingdom;Methil Demo;1;7;Production;2013;43,24441345;0,023763185; ;0,00835391;3,436E-06
834;United Kingdom;Inch Cape Met Mast;1;;Approved;;22570,41121;0,7004693; ;0,038869255;0,000101988
835;United Kingdom;Forthwind Methil Demonstration;2;12;Approved;;1135,506438;0,377376753; ;0,052654484;5,45488E-05
836;United Kingdom;Beatrice Offshore Wind Farm;84;588;Production;2019;13391,57938;131,467189; ;0,654697579;0,020103013
837;United Kingdom;Beatrice OFTO;;;Production;;17623,17522;0,062792151; ;0,016736647;9,60163E-06
838;United Kingdom;Aberdeen Offshore W/F;11;97;Production;2018;1340,288887;20,01430062; ;0,249356786;0,002975306
839;United Kingdom;Buchan Deep Demo;;30;Production;;22388,56738;15,39768847; ;0,208187412;0,002305295
840;United Kingdom;Pentland Floating Offshore Wind Farm;;100;Planned;;7664,58739;10,00746352; ;0,158027054;0,001547737
841;United Kingdom;Robin Rigg OFTO;;;Production;;11704,87129;0,085867275; ;0,018747711;1,19776E-05
842;United Kingdom;Inch Cape OFTO;;;Approved;;25,23290947;105,2205699; ;2,972066754;0,015254147
843;United Kingdom;Berwick Bank;;2300;Planned;;43344,99268;654,862696; ;1,424257231;0,094975421
844;United Kingdom;Kincardine;6;50;Production;2021;14143,52439;25,37893888; ;0,260269871;0,003750704
845;United Kingdom;Moray East OFTO;;;Construction;;88,12962566;20,51149722; ;1,633205752;0,003107417
846;United Kingdom;Moray Offshore Windfarm (East);85;953;Production;;22264,18871;293,0937669; ;1,456378325;0,04473257
847;United Kingdom;Marr Bank Wind Farm;;1800;Planned;;30902,3576;786,3375507; ;1,524123294;0,114222102
848;United Kingdom;Neart Na Gaoithe Offshore Wind;54;432;Construction;;15363,83114;102,6280645; ;0,718182021;0,014872928
849;United Kingdom;Neart na Gaoithe OFTO;;;Construction;;20179,41715;0,035306393; ;0,0120763;5,11634E-06
850;United Kingdom;Seagreen Phase 1 OFTO;;;Construction;;41169,57232;0,785331701; ;0,040511559;0,000114776
851;United Kingdom;Seagreen Phase 1A OFTO;;500;Approved;;33,47316654;120,4709403; ;3,452365166;0,017533142
852;United Kingdom;Seagreen Phase 1 Windfarm;75;1140;Construction;;26763,01902;331,6690927; ;1,692394672;0,048509635
853;United Kingdom;Seagreen 1A Offshore Wind Farm;114;360;Approved;;32431,59226;58,64461956; ;0,463971567;0,008565016
854;United Kingdom;Berwick Bank OFTO;;;Planned;;0;806,907052; ;3,530368566;0,11688525
855;United Kingdom;Bowdun Offshore Wind Farm;;1008;Planned;;38410,92088;187,0845836; ;0,891787478;0,027625745
856;United Kingdom;Scoprojco1 TBC;;2610;Planned;;79494,06993;858,4571913; ;2,022451171;0,125805704
857;United Kingdom;Buchan Offshore Wind Farm;;960;Planned;;74920,31745;330,6956393; ;0,95833232;0,050810197
858;United Kingdom;Stromar;;1000;Planned;;36900,43884;256,3016268; ;0,861862763;0,039473526
859;United Kingdom;Broadshore;;500;Planned;;47477,53696;134,0560641; ;0,618858374;0,020447472
860;United Kingdom;Bellrock;;1200;Planned;;115492,8711;279,8031741; ;1,170430247;0,041105488
861;United Kingdom;Marram;;3000;Planned;;75714,70441;683,9885102; ;1,375839975;0,104323326
862;United Kingdom;MachairWind;;2000;Planned;;0;753,7458074; ;1,331892968;0,108540492
863;United Kingdom;Campion;;2000;Planned;;93215,22944;859,872942; ;1,774414209;0,128105494
864;United Kingdom;Ayre Offshore Wind Farm;;1008;Planned;;17230,85052;199,7368767; ;1,383145751;0,031073324
865;United Kingdom;Spiorad na Mara;;840;Planned;;3564,138714;161,4163975; ;0,832381653;0,024771895
866;United Kingdom;Magnora TBC;;495;Planned;;25206,43218;103,0936001; ;0,554988174;0,016007226
867;United Kingdom;Mara Mhor Offshore Wind Farm;;798;Planned;;62863,16277;199,8755539; ;0,750676691;0,029861689
868;United Kingdom;Havbredey;;1500;Planned;;26071,16531;389,6074545; ;1,407979383;0,060663484
869;United Kingdom;West of Orkney Wind Farm;;2000;Planned;;4746,595291;656,5789518; ;1,570481375;0,102300202
870;United Kingdom;Caledonia Offshore Wind Farm;;1000;Planned;;23311,17488;428,9512687; ;1,201315178;0,06548829
871;United Kingdom;Shetland Offshore Wind;;500;Planned;;32313,22679;99,99763731; ;0,542831128;0,016320265
872;United Kingdom;Shetland NE1 Ocean Winds;;500;Planned;;22486,0884;100,2573503; ;0,593952316;0,016217702
873;United Kingdom;Arven Offshore Wind Farm;;1800;Planned;;24101,6612;359,8859271; ;1,076449235;0,058397889
874;United Kingdom;Moray West OFTO;;;Approved;;25994,09709;0,003909627; ;0,004166041;5,95044E-07
875;United Kingdom;Moray West;60;882;Construction;;22186,64743;225,1620541; ;0,939658669;0,034283697
876;United Kingdom;Morven;;2907;Planned;;61156,69797;858,8334554; ;1,792705334;0,125759795
877;United Kingdom;Walney 2;51;184;Production;2012;17774,48916;45,88103461; ;0,333628731;0,00629669
878;United Kingdom;Walney 1;51;184;Production;2011;14160,94713;27,16035734; ;0,278587565;0,00372376
879;United Kingdom;West of Duddon Sands;108;388,8;Production;2014;13988,57405;66,88171396; ;0,411103248;0,00915896
880;United Kingdom;Barrow;30;90;Production;2006;7261,238716;9,990274057; ;0,16341456;0,001368458
881;United Kingdom;Ormonde;30;150;Production;2012;9148,983197;9,931850268; ;0,164164509;0,001363583
882;United Kingdom;Rhyl Flats;25;90;Production;2009;7767,8335;9,734691944; ;0,194365752;0,001314623
883;United Kingdom;Gwynt y Mor;160;576;Production;2015;12389,26977;68,03172392; ;0,587518351;0,009202059
884;United Kingdom;Burbo Bank Extension;32;256;Production;2017;6874,85929;39,66650429; ;0,425338466;0,00536771
885;United Kingdom;Burbo Bank;25;90;Production;2007;6074,823081;9,946996495; ;0,171776338;0,001346419
886;United Kingdom;Gunfleet Sands I;30;108;Production;2010;6296,740808;9,995124907; ;0,174832641;0,001300264
887;United Kingdom;Gunfleet Sands II;18;65;Production;2010;8298,475544;5,813121413; ;0,210601632;0,000756782
888;United Kingdom;Gunfleet Sands Demo;2;12;Production;2013;8297,731671;2,548661352; ;0,079412643;0,000331362
889;United Kingdom;Kentish Flats;30;90;Production;2005;8371,66997;9,952279555; ;0,175896575;0,001287081
890;United Kingdom;Kentish Flats Extension;15;49,5;Production;2015;7542,703377;8,281010134; ;0,239856348;0,001070978
891;United Kingdom;London Array;175;630;Production;2013;20451,27691;122,4787615; ;0,49351946;0,015896431
892;United Kingdom;Thanet;100;300;Production;2010;10851,36499;34,96376468; ;0,288737163;0,004518953
893;United Kingdom;Greater Gabbard;140;504;Production;2012;24843,21183;146,2310086; ;0,74394445;0,019088603
894;United Kingdom;Scroby Sands;30;60;Production;2004;1857,623781;8,906036779; ;0,137572354;0,001182395
895;United Kingdom;Sheringham Shoal;88;316,8;Production;2012;16753,78977;34,98514086; ;0,342227056;0,004697131
896;United Kingdom;Lincs;75;270;Production;2013;6335,021118;38,31066121; ;0,383804855;0,005150155
897;United Kingdom;Dudgeon;67;402;Production;2017;32058,46828;55,16120805; ;0,383729582;0,007428612
898;United Kingdom;Race Bank;45;283,5;Production;2018;26592,70638;62,38046637; ;0,456460358;0,008402339
899;United Kingdom;Humber Gateway;73;219;Production;2015;8025,892311;26,53403157; ;0,260721432;0,003605233
900;United Kingdom;Westermost Rough;35;210;Production;2015;8021,924591;34,92538989; ;0,293937907;0,004763037
901;United Kingdom;Lynn;27;97,2;Production;2008;5305,396765;7,883168721; ;0,145618468;0,001058427
902;United Kingdom;Inner Dowsing;27;97,2;Production;2008;5056,702987;8,807301247; ;0,149660156;0,001183949
903;United Kingdom;Teesside;27;62,1;Production;2013;979,6890302;4,322632312; ;0,130484015;0,000601502
904;United Kingdom;Blyth;2;4;Dismantled;2000;489,9037504;0,40240507;2013;0,030845415;5,66761E-05
905;United Kingdom;Galloper;56;353;Production;2018;28256,01724;113,6536382; ;0,819425495;0,014838051
906;United Kingdom;Hornsea Project Four (HOW04);180;1000;Planned;;65413,65766;846,4307583; ;1,93513844;0,115965321
907;United Kingdom;Hornsea Project Three (HOW03);231;2400;Approved;;121136,5221;696,3702283; ;1,501503311;0,095174233
908;United Kingdom;East Anglia Two;75;900;Approved;;29719,37411;255,5553974; ;0,815928384;0,033512724
909;United Kingdom;East Anglia One North;67;800;Approved;;36100,72387;208,1139757; ;0,736200539;0,027462877
910;United Kingdom;East Anglia Three;95;1330;Construction;;67758,58886;305,4738799; ;0,911320954;0,040629356
911;United Kingdom;Rampion;116;400,2;Production;2018;13311,17331;77,86709126; ;0,453074759;0,009899933
912;United Kingdom;Walney Extension 3;40;330;Production;2018;26722,35186;49,18058878; ;0,397277256;0,00675845
913;United Kingdom;Walney Extension 4;47;329;Production;;19810,47205;100,0655822; ;0,683834693;0,013748616
914;United Kingdom;Blyth Demonstration Phases 2&3;10;58,4;Approved;;5415,667203;15,16589693; ;0,313631441;0,002138584
915;United Kingdom;Dogger Bank C;100;1200;Construction;;195786,1194;560,5565085; ;1,313385854;0,078707875
916;United Kingdom;Sofia;100;1400;Construction;;164933,3442;593,6505072; ;1,248527404;0,083326236
917;United Kingdom;Dogger Bank A;100;1200;Construction;;130997,9011;515,5550632; ;1,340457515;0,071921815
918;United Kingdom;Dogger Bank B;100;1200;Construction;;130974,643;599,2832111; ;1,189022457;0,084106075
919;United Kingdom;Hornsea 1 (East);58;406;Production;;111016,4645;129,3111381; ;0,70863543;0,017659316
920;United Kingdom;Hornsea 1 (West);58;406;Production;;102222,2661;119,0923233; ;0,642439526;0,016274607
921;United Kingdom;Hornsea 1 (Centre);58;406;Production;;105688,2867;158,7973114; ;0,785709635;0,021699314
922;United Kingdom;East Anglia One;102;714;Production;2020;50593,60322;150,1313726; ;0,565147245;0,019750481
923;United Kingdom;Triton Knoll;30;285;Production;2022;32338,25709;149,5083499; ;0,700165029;0,020228998
924;United Kingdom;Blyth Demo Phase 1;5;41,5;Production;2017;5280,018891;3,636674853; ;0,113676661;0,000512137
925;United Kingdom;Hornsea Project 2 - Phase 2 (Soundmark);;;Production;;91854,07281;133,2734081; ;0,601541005;0,01823978
926;United Kingdom;Hornsea Project 2 - Phase 3 (Sonningmay);;;Production;;89487,56675;138,3769064; ;0,628229809;0,018910336
927;United Kingdom;North Hoyle;30;60;Production;2003;7241,337323;9,642919961; ;0,163782508;0,001303149
928;United Kingdom;Dudgeon Extension;34;402;Planned;;26912,03922;103,5374283; ;0,978659375;0,013945519
929;United Kingdom;Awel y Mor;42;576;Planned;;10632,73932;106,4594546; ;0,824398886;0,014369285
930;United Kingdom;Erebus Floating Wind Demo;7;100;Planned;;30230,62355;43,5653551; ;0,302815098;0,00563346
931;United Kingdom;Five Estuaries;79;353;Planned;;37460,63128;148,6513726; ;0,989240802;0,019415029
932;United Kingdom;Sheringham Shoal Extension;27;317;Planned;;15937,1449;92,64903321; ;0,620582961;0,012432031
933;United Kingdom;North Falls;72;504;Planned;;22379,5174;150,059611; ;1,20343399;0,019531609
934;United Kingdom;Rampion 2 (Rampion Extension);116;400;Planned;;13295,65265;149,3510881; ;0,729349959;0,018978399
935;United Kingdom;Rampion 2 (Zone 6);;;Planned;;13443,56382;164,6339309; ;0,767133163;0,020926289
936;United Kingdom;R4 Project 1 (Dogger Bank South West);;1500;Planned;;99535,12028;495,1684287; ;1,223747608;0,068882815
937;United Kingdom;R4 Project 2 (Dogger Bank South East);;1500;Planned;;122243,6059;493,9084118; ;1,160717174;0,068483778
938;United Kingdom;R4 Project 3 (Outer Dowsing);;1500;Planned;;53289,45358;499,8601049; ;1,239830554;0,067789388
939;United Kingdom;R4 Project 4 (Mona);;1500;Planned;;28332,5384;497,8297713; ;1,249795969;0,06775474
940;United Kingdom;R4 Project 5 (Morecambe);;480;Planned;;28661,29921;125,7341306; ;0,602218831;0,017146066
941;United Kingdom;R4 Project 6 (Morgan);;1500;Planned;;22273,88331;322,431306; ;0,982458981;0,044176722
942;United Kingdom;Wave Hub;;20;Planned;;15166,74677;7,961054381; ;0,128784202;0,001005847
943;United Kingdom;Norfolk Vanguard East;145;1800;Approved;;69902,56358;578,198113; ;1,6077079;0,077172177
944;United Kingdom;Norfolk Boreas;158;1800;Planned;;73178,96864;452,0318977; ;1,218368258;0,060645455
945;United Kingdom;Norfolk Vanguard West;;;Approved;;47493,02145;295,1590999; ;0,824137176;0,039413459
946;United Kingdom;Hornsea Project 2 - Phase 1 (Breesea);300;1386;Production;;104314,0606;162,8209128; ;1,167302053;0,022287866
947;Finland; ;;;Planned;;71326,98434;528,2211434; ;1,140665397;0,089260736
948;Finland; ;;;Planned;;6332,813153;381,5630933; ;1,248418739;0,073520545
949;Finland; ;;;Planned;;17381,28448;122,4073976; ;0,672907005;0,019446755
950;Finland; ;;;Planned;;41757,94182;114,7653107; ;0,548269784;0,01809706
951;Finland; ;;;Planned;;5823,6378;59,7627315; ;0,567615391;0,011180349
952;Finland; ;;;Planned;;14713,49352;89,30908592; ;0,792656159;0,016693194
953;Finland; ;;;Planned;;5863,261538;65,78531311; ;0,429229161;0,011294474
954;Finland; ;;;Planned;;9742,209227;113,8634685; ;0,559415524;0,021565205
955;Finland; ;;;Planned;;16561,92617;109,266767; ;0,738077322;0,020692112
956;Finland; ;;;Planned;;27667,04512;203,6183132; ;0,86858441;0,038647829
957;Finland; ;;;Planned;;20982,20509;145,2527012; ;0,623663935;0,024730394
958;Finland; ;;;Planned;;7477,242066;98,13125046; ;0,526424911;0,016636895
959;Finland; ;;;Planned;;13737,1137;85,43797289; ;0,485908075;0,01426861
960;Finland; ;;;Planned;;12662,97858;259,7238505; ;1,656594177;0,047118352
961;Finland; ;;;Planned;;3738,986125;685,3176116; ;1,730145323;0,120007911
962;Finland; ;;;Planned;;71326,98434;528,2211434; ;1,140665397;0,089260736
963;Finland; ;;;Planned;;6332,813153;381,5630933; ;1,248418739;0,073520545
964;Finland; ;;;Planned;;17381,28448;122,4073976; ;0,672907005;0,019446755
965;Finland; ;;;Planned;;41757,94182;114,7653107; ;0,548269784;0,01809706
966;Finland; ;;;Planned;;5823,6378;59,7627315; ;0,567615391;0,011180349
967;Finland; ;;;Planned;;14713,49352;89,30908592; ;0,792656159;0,016693194
968;Finland; ;;;Planned;;5863,261538;65,78531311; ;0,429229161;0,011294474
969;Finland; ;;;Planned;;9742,209227;113,8634685; ;0,559415524;0,021565205
970;Finland; ;;;Planned;;16561,92617;109,266767; ;0,738077322;0,020692112
971;Finland; ;;;Planned;;27667,04512;203,6183132; ;0,86858441;0,038647829
972;Finland; ;;;Planned;;20982,20509;145,2527012; ;0,623663935;0,024730394
973;Finland; ;;;Planned;;7477,242066;98,13125046; ;0,526424911;0,016636895
974;Finland; ;;;Planned;;13737,1137;85,43797289; ;0,485908075;0,01426861
975;Finland; ;;;Planned;;12662,97858;259,7238505; ;1,656594177;0,047118352
976;Finland; ;;;Planned;;3738,986125;685,3176116; ;1,730145323;0,120007911
977;Finland; ;;;Planned;;6150,131138;1007,154648; ;6,593034534;0,163890363
978;Finland; ;;;Planned;;6150,131138;1007,154648; ;6,593034534;0,163890363
979;Denmark; ;;;Planned;;5000,55137;10079,2766; ;14,92630586;1,458696544
980;Denmark; ;;;Planned;;0;5713,909591; ;18,9809048;0,824433608
981;Poland;PZP_14;;;Planned;;26188,49373;459,8387226; ;1,078344213;0,063741833
982;Poland;PZP_43;;;Planned;;38531,50994;118,3828206; ;0,579302982;0,016593536
983;Poland;PZP_44;;;Planned;;27742,7124;162,6616386; ;0,834489381;0,02286675
984;Poland;PZP_45;;;Planned;;22219,33224;698,922781; ;2,208328477;0,098233622
985;Poland;PZP_46;;;Planned;;22358,43708;249,7183915; ;1,124284668;0,03510652
986;Poland;PZP_53;;;Planned;;5383,810329;150,2148974; ;0,85509869;0,021309733
987;Poland;PZP_60;;;Planned;;43485,45965;470,8474273; ;1,977716466;0,067059163
988;Germany;EN16;;;Planned;;145718,3274;294,1253757; ;1,353289318;0,041840463
989;Germany;EN17;;;Planned;;176172,0098;345,9775546; ;1,896827992;0,048890066
990;Germany;EN20;;;Planned;;197543,0461;67,3954127; ;0,422165065;0,00951929
991;Germany;EN10;;;Planned;;109487,3586;194,7805689; ;0,932701877;0,027044192
992;Germany;EN4;;;Planned;;23501,83221;148,0239393; ;0,63496237;0,020502001
993;Germany;EN5;;;Planned;;66371,4509;124,4853333; ;0,911847902;0,017541822
994;Germany;EN11;;;Planned;;106404,0446;354,8655204; ;0,915740646;0,049540539
995;Germany;EN12;;;Planned;;116675,362;493,8070148; ;1,203367243;0,068950248
996;Germany;EN18;;;Planned;;182450,9827;193,7713473; ;1,361894895;0,027363007
997;Germany;EO1;;;Planned;;33486,99831;129,0261336; ;0,589070187;0,018032769
998;Germany;EN14;;;Planned;;136331,9333;145,0019052; ;0,72565692;0,020290407
999;Germany;EN15;;;Planned;;164082,1762;137,6148398; ;0,95709407;0,019280193
1000;Germany;EN13-Nord;;;Planned;;101017,3334;30,86843509; ;0,338474297;0,004360431
1001;Germany;EO2;;;Planned;;26311,57666;122,4041061; ;0,638874389;0,017114303
1002;Germany;EO3;;;Planned;;33139,0592;28,11504335; ;0,330648426;0,003943883
1003;Germany;EN13;;;Planned;;107776,7484;367,5358173; ;0,903413503;0,051694541
1004;Germany;EN7;;;Planned;;75915,23283;162,8734506; ;0,700899367;0,022496733
1005;Germany;EN19;;;Planned;;260465,4326;559,479437; ;1,3647459;0,080017784
1006;Germany;EO2-West;;;Planned;;22586,21724;54,68462786; ;0,572532052;0,007645608
1007;Germany;EN2;;;Planned;;34234,96815;222,6191141; ;0,668040808;0,030505772
1008;Germany;EN8;;;Planned;;85566,81503;168,16378; ;0,661037958;0,023321227
1009;Germany;EN6;;;Planned;;83701,82565;249,0120304; ;0,837359837;0,034351484
1010;Germany;EN9;;;Planned;;98842,03981;453,2507781; ;1,160841271;0,062842022
1011;Germany;EN1;;;Planned;;53084,41156;78,511959; ;0,512668965;0,01076439
1012;Germany;EN3;;;Planned;;32050,95738;307,6524991; ;0,979343366;0,042172904
1013;Sweden;B151;;;Planned;;21858,21631;204,6414175; ;0,841307711;0,033871113
1014;Sweden;V302;;;Planned;;24645,92416;65,56800755; ;0,454929029;0,009584469
1015;Sweden;Ö287;;;Planned;;4890,512285;7,316905452; ;0,13073352;0,001040281
1016;Sweden;B147;;;Planned;;48246,77006;221,904603; ;0,853802299;0,036886756
1017;Sweden;B107;;;Planned;;3172,624608;39,21258744; ;0,367181646;0,007211631
1018;Sweden;B108;;;Planned;;7566,704639;41,83541643; ;0,354840004;0,007666802
1019;Sweden;B142;;;Planned;;6822,523541;163,7447938; ;0,644295984;0,027609241
1020;Sweden;B143;;;Planned;;43564,0602;471,8406678; ;1,450291425;0,079182958
1021;Sweden;B146;;;Planned;;2147,932849;190,960838; ;0,692964607;0,031799801
1022;Sweden;B152;;;Planned;;9959,891661;183,4454058; ;0,838478383;0,030279946
1023;Sweden;Ö248;;;Planned;;47698,45293;484,7355203; ;1,07988248;0,069179851
1024;Sweden;Ö285;;;Planned;;28613,09449;70,5029344; ;0,503720805;0,009913261
1025;Sweden;V317;;;Planned;;7386,149169;66,11630846; ;0,406889317;0,009719435
1026;Sweden;V305;;;Planned;;6362,56622;24,49952307; ;0,259370079;0,003603713
1027;Netherlands;Windenergiegebied Borssele noordzijde;;;Planned;;26591,55347;114,2915672; ;0,630177259;0,014872481
1028;Netherlands;Windenergiegebied Borssele zuidzijde;;;Planned;;23718,55279;247,7724152; ;0,890096798;0,032248299
1029;Netherlands;HKW Noord - HKW-N;;;Planned;;51547,79345;206,7968402; ;0,818569934;0,027449219
1030;Netherlands;IJmuiden Ver 2021 - Y-VER;;;Planned;;62023,33718;460,7720274; ;1,063332645;0,061440226
1031;Netherlands;Hollandse Kust west zuidelijk deel (HK-w-z);;;Planned;;54119,38552;132,1367655; ;0,632389786;0,01750728
1032;Netherlands;Gebied 2 Zuid (2-z);;;Planned;;40718,96994;87,21617902; ;0,555383861;0,01168331
1033;Netherlands;Gebied 2 Noord (2-n);;;Planned;;32505,44247;757,893568; ;1,649666426;0,102159542
1034;Netherlands;Gebied 1 Zuid (1-z);;;Planned;;92597,17409;273,397741; ;0,887214656;0,036707229
1035;Netherlands;IJmuiden Ver Noord (IJ-Ver-n);;;Planned;;49466,8982;242,2849445; ;0,927479413;0,032484333
1036;Netherlands;Gebied 5 Oost (5-o);;;Planned;;82889,24386;385,4848179; ;1,251833185;0,053196744
1037;Netherlands;Gebied 1 Noord (1-n);;;Planned;;91935,6667;674,1543967; ;1,232054042;0,09112453
1038;Spain;ZAPER_CAN_LANZ1;;;Planned;;1710,431387;97,41250804; ;0,715223422;0,009023846
1039;Spain;ZAPER_CAN_FV2;;;Planned;;5280,591795;16,26485484; ;0,165071299;0,001498654
1040;Spain;ZAPER_CAN_FV1;;;Planned;;5168,663452;192,3398117; ;0,863978305;0,0176757
1041;Spain;ZAPER_CAN_TEN2;;;Planned;;823,9847962;70,80751856; ;0,57622802;0,006507829
1042;Spain;ZAPER_CAN_TEN1;;;Planned;;959,4347307;21,32962387; ;0,243831187;0,001956875
1043;Spain;ZAPER_LEBA_1;;;Planned;;10965,74852;250,1858066; ;0,706701008;0,027254319
1044;Spain;ZAPER_LEBA_2;;;Planned;;4756,470316;147,4277748; ;0,613780066;0,015563866
1045;Spain;ZAPER_LEBA_3;;;Planned;;10762,268;77,68908895; ;0,379515038;0,008179939
1046;Spain;ZAPER_NOR_2;;;Planned;;28752,00064;1807,819544; ;2,005397012;0,2025728
1047;Spain;ZAPER_NOR_3;;;Planned;;22455,25545;113,0449916; ;0,481563605;0,012685534
1048;Spain;ZAPER_NOR_5;;;Planned;;20428,82931;236,3779918; ;0,693345667;0,026503223
1049;Spain;ZAPER_NOR_6;;;Planned;;29573,72243;104,9929694; ;0,439978255;0,011761409
1050;Spain;ZAPER_NOR_7;;;Planned;;28895,30818;80,17800248; ;0,379913201;0,008978444
1051;Spain;ZAPER_NOR_8;;;Planned;;13858,34471;152,402306; ;0,569251697;0,017048102
1052;Spain;ZAPER_NOR_1;;;Planned;;22340,54269;117,725027; ;0,516221711;0,012766533
1053;Spain;ZAPER_ESAL_2;;;Planned;;7113,474111;688,9173877; ;1,310633183;0,069350279
1054;Spain;ZAPER_ESAL_1;;;Planned;;13606,06497;534,3566661; ;1,143947799;0,053621096
1055;Spain;ZAPER_NOR_4;;;Planned;;22099,6937;77,75321704; ;0,597660378;0,008724803
1056;Spain;ZAPER_CAN_GC1;;;Planned;;6352,036015;164,0144288; ;0,606343123;0,015024522
1057;Estonia; ;;;Planned;;10936,26402;475,4376375; ;1,726148041;0,071913558
1058;Estonia; ;;;Planned;;9903,634178;1217,896092; ;2,350754074;0,185726932
1059;Estonia; ;;;Planned;;53078,63206;87,96421675; ;0,474493739;0,013417006
1060;Portugal;WindFloat Atlantic;3;25;Production;2020;13145,9221;52,0286474; ;0,358788668;0,00563626
1061;France; ;;;Planned;;33524,44419;267,4935012; ;0,75909936;0,029560562
1062;France;Sud de la Bretagne Extension;;;Planned;;18203,39161;224,9404368; ;0,680990435;0,026765687
1063;France;Sud de la Bretagne Extension;;;Planned;;15251,97033;8,067477242; ;0,13798113;0,000959845
1064;Germany; ;;;Planned;;38882,86054;23,30940983; ;0,244102706;0,003263637
1065;Germany; ;;;Planned;;37564,34593;20,60270889; ;0,39562122;-0,001253913
1066;Germany; ;;;Planned;;34301,95884;10,4641082; ;0,171191824;0,001434998
1067;Germany; ;;;Planned;;76210,54537;50,15645694; ;0,8122563;-0,006915868
1068;Germany;EnBW Baltic I;;;Approved;;17331,2766;0,230906444; ;0,055664486;3,21374E-05
1069;Germany;Gennaker;103;865,2;Approved;;9761,93638;45,75161905; ;1,019250974;-0,005371224
1070;Germany;EnBW Windpark Baltic 2;80;288;Production;2015;33139,05941;30,21202273; ;0,337315537;0,004237976
1071;Germany;Arkona-Becken Südost;60;384;Production;2018;33759,37542;37,24763195; ;0,301274709;0,005200504
1072;Germany;EnBW Windpark Baltic 1;21;48,3;Production;2011;12085,80144;6,406523725; ;0,170782215;0,000891015
1073;Germany;Wikinger;70;366,1;Production;2017;34716,02416;32,24609251; ;0,257186726;0,004508071
1074;Germany;ARCADIS Ost 1;27;257,175;Construction;;18655,17525;24,68486331; ;0,370243955;0,003450271
1075;Germany;Baltic Eagle;83;476;Construction;;27642,95878;42,96430059; ;0,3318395;0,006005267
1076;Netherlands;OWF Egmond aan Zee;36;108;Production;2007;10019,42105;26,12691318; ;0,27238525;0,00346571
1077;Netherlands;OWF Prinses Amalia;60;120;Production;2008;23076,96162;21,66926285; ;0,213300159;0,002873192
1078;Netherlands;HKW Kavel VI;;756;Construction;2022;51581,17433;90,49803087; ;0,476876273;0,012035305
1079;Netherlands;HKW Kavel VII;;760;Approved;2022;53582,95876;97,46119474; ;0,528449448;0,012933834
1080;Sweden;Kattegatt Syd;;1200;Planned;;17686,29786;177,3022905; ;0,682719852;0,026058749
1081;Sweden;Galatea-Galene;21;400;Planned;;17745,01054;224,2517036; ;1,080406524;0,016679506
1082;Sweden;Poseidon;94;1400;Planned;;20322,07232;175,157946; ;1,15526756;-0,019659525
1083;United Kingdom; ;;99;Planned;;61385,09681;25,2602034; ;0,296027007;0,003864031
1084;United Kingdom; ;;99;Planned;;58204,09231;33,08271896; ;0,303867924;0,005053365
1085;United Kingdom; ;;100;Planned;;33007,26111;33,24336214; ;0,32242905;0,004995469
1086;United Kingdom; ;;50;Planned;;32294,3188;16,66076699; ;0,245127334;0,002495326
1087;United Kingdom; ;;100;Planned;;22450,59345;31,38509529; ;0,340345191;0,004453137
1088;United Kingdom; ;;560;Planned;;68125,10129;184,6407571; ;0,804370405;0,027948361
1089;United Kingdom; ;;1008;Planned;;84141,25687;332,454884; ;0,95578771;0,050136189
1090;United Kingdom; ;;15;Planned;;183102,1651;8,046115582; ;0,132911598;0,00121752
1091;United Kingdom; ;;1008;Planned;;201548,8728;332,6131684; ;0,893349388;0,050354858
1092;United Kingdom; ;;1008;Planned;;145976,2126;332,9532454; ;1,040523824;0,049160624
1093;United Kingdom; ;;1350;Planned;;187805,5648;332,90203; ;1,068757255;0,049350779
1094;United Kingdom; ;;3;Planned;;221021,383;2,001045143; ;0,065399292;0,0002972
1095;United Kingdom; ;;15;Planned;;259624,2524;8,045883272; ;0,1298075;0,001178104
1096;United Kingdom;Ossian Offshore Wind Farm;;3600;Planned;;79494,06993;858,4571913; ;2,022451171;0,125805704
1097;United Kingdom;Tallisk Offshore Wind Project;;495;Planned;;25206,43218;103,0936001; ;0,554988174;0,016007226
1098;United Kingdom;IN Sinclair;;;Planned;;61385,09932;25,26020417; ;0,296027002;0,003864031
1099;United Kingdom;IN Scaraben;;;Planned;;58204,09534;33,08271579; ;0,30386792;0,005053365
1100;United Kingdom;IN Nora;;;Planned;;32294,32061;16,66076419; ;0,245127323;0,002495326
1101;United Kingdom;IN Malin;;100;Planned;;22450,5956;31,38509911; ;0,34034521;0,004453137
1102;United Kingdom;IN Salamander;;;Planned;;33007,26326;33,24335999; ;0,32242905;0,004995469
